<?xml version="1.0" encoding="UTF-8"?>

<Bundle xmlns="http://hl7.org/fhir">
  <id value="mhr-au-ps-bundle-1"/>
  <meta>
    <profile value="http://ns.electronichealth.net.au/fhir/mhr/ps/sparked-testing/StructureDefinition/mhr-au-ps-bundle"/>
  </meta>
  <identifier>
    <system value="http://mhr-operator/fhir/identifier"/>
    <value value="84aab3e1-c04d-4785-ba9e-653e0e813a18"/>
  </identifier>
  <type value="document"/>
  <timestamp value="2025-06-22T17:12:58.351+10:00"/>
  <entry>
    <fullUrl value="urn:uuid:b85141fa-3edb-42ec-b5c9-b774214ddfdc"/>
    <resource>
      <Composition>
        <id value="b85141fa-3edb-42ec-b5c9-b774214ddfdc"/>
        <meta>
          <profile value="http://ns.electronichealth.net.au/fhir/mhr/ps/sparked-testing/StructureDefinition/mhr-au-ps-composition"/>
        </meta>
        <text>
          <status value="generated"/><div xmlns="http://www.w3.org/1999/xhtml"><a name="Composition_b85141fa-3edb-42ec-b5c9-b774214ddfdc"> </a><p class="res-header-id"><b>Generated Narrative: Composition b85141fa-3edb-42ec-b5c9-b774214ddfdc</b></p><a name="b85141fa-3edb-42ec-b5c9-b774214ddfdc"> </a><a name="hcb85141fa-3edb-42ec-b5c9-b774214ddfdc"> </a><div style="display: inline-block; background-color: #d9e0e7; padding: 6px; margin: 4px; border: 1px solid #8da1b4; border-radius: 5px; line-height: 60%"><p style="margin-bottom: 0px"/><p style="margin-bottom: 0px">Profile: <a href="StructureDefinition-mhr-au-ps-composition.html">MHR AU PS Composition</a></p></div><p><b>status</b>: Final</p><p><b>type</b>: <span title="Codes:{http://loinc.org 60591-5}">Patient summary Document</span></p><p><b>date</b>: 2025-06-22 17:12:58+1000</p><p><b>author</b>: <a href="Bundle-mhr-au-ps-bundle-1.html#urn-uuid-3656fd13-0923-4076-9521-016156b0569c">Bundle: identifier = http://mhr-operator/fhir/identifier#84aab3e1-c04d-4785-ba9e-653e0e813a18; type = document; timestamp = 2025-06-22 17:12:58+1000</a></p><p><b>title</b>: MHR Generated Patient Summary - 22-June-2025 05:12 pm AEST</p><p><b>custodian</b>: <a href="Bundle-mhr-au-ps-bundle-1.html#urn-uuid-75db2b4a-3b3a-4115-9956-a7a02eb0de31">Bundle: identifier = http://mhr-operator/fhir/identifier#84aab3e1-c04d-4785-ba9e-653e0e813a18; type = document; timestamp = 2025-06-22 17:12:58+1000</a></p></div>
        </text>
        <status value="final"/>
        <type>
          <coding>
            <system value="http://loinc.org"/>
            <code value="60591-5"/>
          </coding>
        </type>
        <subject>
          <reference value="urn:uuid:29299548-eda4-43e5-86fc-542d6179d9e3"/>
        </subject>
        <date value="2025-06-22T17:12:58+10:00"/>
        <author>
          <reference value="urn:uuid:3656fd13-0923-4076-9521-016156b0569c"/>
        </author>
        <title value="MHR Generated Patient Summary - 22-June-2025 05:12 pm AEST"/>
        <custodian>
          <reference value="urn:uuid:75db2b4a-3b3a-4115-9956-a7a02eb0de31"/>
        </custodian>
        <section>
          <title value="Problems List"/>
          <code>
            <coding>
              <system value="http://loinc.org"/>
              <code value="11450-4"/>
            </coding>
          </code>
          <text>
            <status value="generated"/><div xmlns="http://www.w3.org/1999/xhtml">No problems or conditions recorded.</div>
          </text>
          <emptyReason>
            <coding>
              <system value="http://terminology.hl7.org/CodeSystem/list-empty-reason"/>
              <code value="unavailable"/>
            </coding>
            <text value="No information available."/>
          </emptyReason>
        </section>
        <section>
          <title value="Allergies and Intolerances"/>
          <code>
            <coding>
              <system value="http://loinc.org"/>
              <code value="48765-2"/>
            </coding>
          </code>
          <text>
            <status value="generated"/><div xmlns="http://www.w3.org/1999/xhtml">No allergies or intolerances recorded.</div>
          </text>
          <emptyReason>
            <coding>
              <system value="http://terminology.hl7.org/CodeSystem/list-empty-reason"/>
              <code value="unavailable"/>
            </coding>
            <text value="No information available."/>
          </emptyReason>
        </section>
        <section>
          <title value="Medication History"/>
          <code>
            <coding>
              <system value="http://loinc.org"/>
              <code value="10160-0"/>
            </coding>
          </code>
          <text>
            <status value="generated"/><div xmlns="http://www.w3.org/1999/xhtml">No medications recorded.</div>
          </text>
          <emptyReason>
            <coding>
              <system value="http://terminology.hl7.org/CodeSystem/list-empty-reason"/>
              <code value="unavailable"/>
            </coding>
            <text value="No information available."/>
          </emptyReason>
        </section>
      </Composition>
    </resource>
  </entry>
  <entry>
    <fullUrl value="urn:uuid:29299548-eda4-43e5-86fc-542d6179d9e3"/>
    <resource>
      <Patient>
        <id value="29299548-eda4-43e5-86fc-542d6179d9e3"/>
        <meta>
          <profile value="http://ns.electronichealth.net.au/fhir/mhr/ps/sparked-testing/StructureDefinition/mhr-au-ps-patient"/>
        </meta>
        <text>
          <status value="generated"/><div xmlns="http://www.w3.org/1999/xhtml"><a name="Patient_29299548-eda4-43e5-86fc-542d6179d9e3"> </a><p class="res-header-id"><b>Generated Narrative: Patient 29299548-eda4-43e5-86fc-542d6179d9e3</b></p><a name="29299548-eda4-43e5-86fc-542d6179d9e3"> </a><a name="hc29299548-eda4-43e5-86fc-542d6179d9e3"> </a><div style="display: inline-block; background-color: #d9e0e7; padding: 6px; margin: 4px; border: 1px solid #8da1b4; border-radius: 5px; line-height: 60%"><p style="margin-bottom: 0px"/><p style="margin-bottom: 0px">Profile: <a href="StructureDefinition-mhr-au-ps-patient.html">MHR AU PS Patient</a></p></div><p style="border: 1px #661aff solid; background-color: #e6e6ff; padding: 10px;">Mia Leanne Banks  Female, DoB: 1983-08-25 ( IHI: Austalian Healthcare Identifier - Individual#8003608333647261)</p><hr/><table class="grid"><tr><td style="background-color: #f3f5da" title="Ways to contact the Patient">Contact Detail</td><td colspan="3"><ul><li>ph: 0270102724(Work)</li><li>ph: 0491574632(Mobile)</li><li>ph: 0270107520(Home)</li><li><a href="mailto:mia.banks@myownpersonaldomain.com">mia.banks@myownpersonaldomain.com</a></li><li>ph: 270107520(Home)</li><li>50 Sebastien St Minjary NSW 2720 AU </li></ul></td></tr><tr><td style="background-color: #f3f5da" title="The pronouns to use when referring to an individual in verbal or written communication.">Individual Pronouns:</td><td colspan="3"><ul><li>value: <span title="Codes:{http://loinc.org LA29519-8}">she/her/her/hers/herself</span></li></ul></td></tr><tr><td style="background-color: #f3f5da" title="Recorded sex or gender (RSG) information includes the various sex and gender concepts that are often used in existing systems but are known NOT to represent a gender identity, sex parameter for clinical use, or attributes related to sexuality, such as sexual orientation, sexual activity, or sexual attraction. Examples of recorded sex or gender concepts include administrative gender, administrative sex, and sex assigned at birth.  When exchanging this concept, refer to the guidance in the [Gender Harmony Implementation Guide](http://hl7.org/xprod/ig/uv/gender-harmony/).">Person Recorded Sex Or Gender:</td><td colspan="3"><ul><li>value: <span title="Codes:{http://snomed.info/sct 248152002}">Female</span></li></ul></td></tr><tr><td style="background-color: #f3f5da" title="An individual's personal sense of being a man, woman, boy, girl, nonbinary, or something else. This represents an individual’s identity, ascertained by asking them what that identity is. 
 In the case where the gender identity is communicated by a third party, for example, if a spouse indicates the gender identity of their partner on an intake form, a Provenance resource can be used with a Provenance.target referring to the Patient, with a targetElement extension identifying the gender identity extension as the target element within the Patient resource.  When exchanging this concept, refer to the guidance in the [Gender Harmony Implementation Guide](http://hl7.org/xprod/ig/uv/gender-harmony/).">Individual Gender Identity:</td><td colspan="3"><ul><li>value: <span title="Codes:{http://snomed.info/sct 446141000124107}">Identifies as female gender</span></li></ul></td></tr></table></div>
        </text>
        <extension url="http://hl7.org/fhir/StructureDefinition/individual-genderIdentity">
          <extension url="value">
            <valueCodeableConcept>
              <coding>
                <system value="http://snomed.info/sct"/>
                <code value="446141000124107"/>
                <display value="Identifies as female gender"/>
              </coding>
            </valueCodeableConcept>
          </extension>
        </extension>
        <extension url="http://hl7.org/fhir/StructureDefinition/individual-pronouns">
          <extension url="value">
            <valueCodeableConcept>
              <coding>
                <system value="http://loinc.org"/>
                <code value="LA29519-8"/>
                <display value="she/her/her/hers/herself"/>
              </coding>
            </valueCodeableConcept>
          </extension>
        </extension>
        <extension url="http://hl7.org/fhir/StructureDefinition/individual-recordedSexOrGender">
          <extension url="value">
            <valueCodeableConcept>
              <coding>
                <system value="http://snomed.info/sct"/>
                <code value="248152002"/>
              </coding>
              <text value="Female"/>
            </valueCodeableConcept>
          </extension>
        </extension>
        <identifier>
          <extension url="http://hl7.org.au/fhir/StructureDefinition/ihi-status">
            <valueCoding>
              <system value="https://healthterminologies.gov.au/fhir/CodeSystem/ihi-status-1"/>
              <code value="active"/>
            </valueCoding>
          </extension>
          <extension url="http://hl7.org.au/fhir/StructureDefinition/ihi-record-status">
            <valueCoding>
              <system value="https://healthterminologies.gov.au/fhir/CodeSystem/ihi-record-status-1"/>
              <code value="verified"/>
              <display value="verified"/>
            </valueCoding>
          </extension>
          <type>
            <coding>
              <system value="http://terminology.hl7.org/CodeSystem/v2-0203"/>
              <code value="NI"/>
            </coding>
            <text value="IHI"/>
          </type>
          <system value="http://ns.electronichealth.net.au/id/hi/ihi/1.0"/>
          <value value="8003608333647261"/>
        </identifier>
        <name>
          <use value="usual"/>
          <family value="Banks"/>
          <given value="Mia"/>
          <given value="Leanne"/>
        </name>
        <telecom>
          <system value="phone"/>
          <value value="0270102724"/>
          <use value="work"/>
        </telecom>
        <telecom>
          <system value="phone"/>
          <value value="0491574632"/>
          <use value="mobile"/>
        </telecom>
        <telecom>
          <system value="phone"/>
          <value value="0270107520"/>
          <use value="home"/>
        </telecom>
        <telecom>
          <system value="email"/>
          <value value="mia.banks@myownpersonaldomain.com"/>
        </telecom>
        <telecom>
          <system value="phone"/>
          <value value="270107520"/>
          <use value="home"/>
        </telecom>
        <gender value="female"/>
        <birthDate value="1983-08-25"/>
        <address>
          <line value="50 Sebastien St"/>
          <city value="Minjary"/>
          <state value="NSW"/>
          <postalCode value="2720"/>
          <country value="AU"/>
        </address>
      </Patient>
    </resource>
  </entry>
  <entry>
    <fullUrl value="urn:uuid:3656fd13-0923-4076-9521-016156b0569c"/>
    <resource>
      <Device>
        <id value="3656fd13-0923-4076-9521-016156b0569c"/>
        <text>
          <status value="generated"/><div xmlns="http://www.w3.org/1999/xhtml"><a name="Device_3656fd13-0923-4076-9521-016156b0569c"> </a><p class="res-header-id"><b>Generated Narrative: Device 3656fd13-0923-4076-9521-016156b0569c</b></p><a name="3656fd13-0923-4076-9521-016156b0569c"> </a><a name="hc3656fd13-0923-4076-9521-016156b0569c"> </a><p><b>identifier</b>: <code>http://ns.electronichealth.net.au/id/pcehr/paid/1.0</code>/8003640003000026</p><h3>DeviceNames</h3><table class="grid"><tr><td style="display: none">-</td><td><b>Name</b></td><td><b>Type</b></td></tr><tr><td style="display: none">*</td><td>My Health Record</td><td>Manufacturer name</td></tr></table><p><b>owner</b>: <a href="Bundle-mhr-au-ps-bundle-1.html#urn-uuid-75db2b4a-3b3a-4115-9956-a7a02eb0de31">Bundle: identifier = http://mhr-operator/fhir/identifier#84aab3e1-c04d-4785-ba9e-653e0e813a18; type = document; timestamp = 2025-06-22 17:12:58+1000</a></p></div>
        </text>
        <identifier>
          <system value="http://ns.electronichealth.net.au/id/pcehr/paid/1.0"/>
          <value value="8003640003000026"/>
        </identifier>
        <deviceName>
          <name value="My Health Record"/>
          <type value="manufacturer-name"/>
        </deviceName>
        <owner>
          <reference value="urn:uuid:75db2b4a-3b3a-4115-9956-a7a02eb0de31"/>
        </owner>
      </Device>
    </resource>
  </entry>
  <entry>
    <fullUrl value="urn:uuid:75db2b4a-3b3a-4115-9956-a7a02eb0de31"/>
    <resource>
      <Organization>
        <id value="75db2b4a-3b3a-4115-9956-a7a02eb0de31"/>
        <meta>
          <profile value="http://hl7.org.au/fhir/ps/StructureDefinition/au-ps-organization"/>
        </meta>
        <text>
          <status value="generated"/><div xmlns="http://www.w3.org/1999/xhtml"><a name="Organization_75db2b4a-3b3a-4115-9956-a7a02eb0de31"> </a><p class="res-header-id"><b>Generated Narrative: Organization 75db2b4a-3b3a-4115-9956-a7a02eb0de31</b></p><a name="75db2b4a-3b3a-4115-9956-a7a02eb0de31"> </a><a name="hc75db2b4a-3b3a-4115-9956-a7a02eb0de31"> </a><div style="display: inline-block; background-color: #d9e0e7; padding: 6px; margin: 4px; border: 1px solid #8da1b4; border-radius: 5px; line-height: 60%"><p style="margin-bottom: 0px"/><p style="margin-bottom: 0px">Profile: <a href="https://build.fhir.org/ig/hl7au/au-fhir-ps/StructureDefinition-au-ps-organization.html">AU PS Organization</a></p></div><p><b>identifier</b>: Australian Business Number (ABN)/84425496912</p><p><b>name</b>: My Health Record system operator</p><p><b>telecom</b>: <a href="mailto:help@digitalhealth.gov.au">help@digitalhealth.gov.au</a>, ph: 1300 901 001(Work)</p><p><b>address</b>: Level 25, 175 Liverpool Street Sydney NSW 2000 Australia </p></div>
        </text>
        <identifier>
          <type>
            <coding>
              <system value="http://terminology.hl7.org/CodeSystem/v2-0203"/>
              <code value="XX"/>
            </coding>
            <text value="Australian Business Number (ABN)"/>
          </type>
          <system value="http://hl7.org.au/id/abn"/>
          <value value="84425496912"/>
        </identifier>
        <name value="My Health Record system operator"/>
        <telecom>
          <system value="email"/>
          <value value="help@digitalhealth.gov.au"/>
          <use value="work"/>
        </telecom>
        <telecom>
          <system value="phone"/>
          <value value="1300 901 001"/>
          <use value="work"/>
        </telecom>
        <address>
          <line value="Level 25, 175 Liverpool Street"/>
          <city value="Sydney"/>
          <state value="NSW"/>
          <postalCode value="2000"/>
          <country value="Australia"/>
        </address>
      </Organization>
    </resource>
  </entry>
</Bundle>