[
  {
    "id" : "content-type-example-cs",
    "type" : "CodeSystem",
    "url" : "http://ns.electronichealth.net.au/fhir/mhr/ps/sparked-testing/CodeSystem/content-type-example-cs",
    "version" : "0.1.0",
    "name" : "ContentTypeExampleCS"
  },
  {
    "id" : "mhr.au.ps.sparked.testing",
    "type" : "ImplementationGuide",
    "url" : "http://ns.electronichealth.net.au/fhir/mhr/ps/sparked-testing/ImplementationGuide/mhr.au.ps.sparked.testing",
    "version" : "0.1.0",
    "name" : "MhrAuPsSparkedTesting"
  },
  {
    "id" : "find-content-by-patient",
    "type" : "OperationDefinition",
    "url" : "http://ns.electronichealth.net.au/fhir/mhr/ps/sparked-testing/OperationDefinition/find-content-by-patient",
    "version" : "0.1.0",
    "name" : "findContentByPatient"
  },
  {
    "id" : "mhr-au-ps-bundle",
    "type" : "StructureDefinition",
    "url" : "http://ns.electronichealth.net.au/fhir/mhr/ps/sparked-testing/StructureDefinition/mhr-au-ps-bundle",
    "version" : "0.1.0",
    "name" : "MhrAuPsBundle"
  },
  {
    "id" : "mhr-au-ps-goal",
    "type" : "StructureDefinition",
    "url" : "http://ns.electronichealth.net.au/fhir/mhr/ps/sparked-testing/StructureDefinition/mhr-au-ps-goal",
    "version" : "0.1.0",
    "name" : "MhrAuPsGoal"
  },
  {
    "id" : "mhr-au-ps-patient",
    "type" : "StructureDefinition",
    "url" : "http://ns.electronichealth.net.au/fhir/mhr/ps/sparked-testing/StructureDefinition/mhr-au-ps-patient",
    "version" : "0.1.0",
    "name" : "MhrAuPsPatient"
  },
  {
    "id" : "mhr-au-ps-provenance",
    "type" : "StructureDefinition",
    "url" : "http://ns.electronichealth.net.au/fhir/mhr/ps/sparked-testing/StructureDefinition/mhr-au-ps-provenance",
    "version" : "0.1.0",
    "name" : "MhrAuPsProvenance"
  },
  {
    "id" : "mhr-ps-composition",
    "type" : "StructureDefinition",
    "url" : "http://ns.electronichealth.net.au/fhir/mhr/ps/sparked-testing/StructureDefinition/mhr-ps-composition",
    "version" : "0.1.0",
    "name" : "MhrAuPsComposition"
  },
  {
    "id" : "content-type-example-vs",
    "type" : "ValueSet",
    "url" : "http://ns.electronichealth.net.au/fhir/mhr/ps/sparked-testing/ValueSet/content-type-example-vs",
    "version" : "0.1.0",
    "name" : "ContentTypeExampleVS"
  }
]
