{
  "resourceType" : "Bundle",
  "id" : "cd4e9cb3-0b66-4829-98f6-4415bed242b1",
  "meta" : {
    "lastUpdated" : "2025-06-20T16:52:57.224+10:00"
  },
  "type" : "collection",
  "entry" : [{
    "fullUrl" : "http://ns.electronichealth.net.au/fhir/mhr/ps/sparked-testing/ValueSet/content-type-example-vs",
    "resource" : {
      "resourceType" : "ValueSet",
      "text" : {
        "status" : "generated",
        "div" : "<div xmlns=\"http://www.w3.org/1999/xhtml\"><p class=\"res-header-id\"/><p style=\"border: black 1px dotted; background-color: #EEEEEE; padding: 8px; margin-bottom: 8px\">Expansion performed internally based on <a href=\"CodeSystem-content-type-example-cs.html\">codesystem Content Type Example - CodeSystem v0.1.0 (CodeSystem)</a></p><p>This value set contains 11 concepts</p><table class=\"codes\"><tr><td><b>Level</b></td><td style=\"white-space:nowrap\"><b>Code</b></td><td><b>System</b></td><td><b>Display (en)</b></td><td><b>Definition</b></td></tr><tr><td><a name=\"x-http://ns.electronichealth.net.au/fhir/mhr/ps/sparked-testing/CodeSystem/content-type-example-cs-_ClinicalDocument\"> </a>1</td><td style=\"white-space:nowrap\">\u00a0\u00a0<a href=\"CodeSystem-content-type-example-cs.html#content-type-example-cs-_ClinicalDocument\" title=\"This code is not selectable ('Abstract')\"><i>_ClinicalDocument</i></a></td><td>http://ns.electronichealth.net.au/fhir/mhr/ps/sparked-testing/CodeSystem/content-type-example-cs</td><td>ClinicalDocument</td><td>This code is a generic concept that encompasses all clinical document.</td></tr><tr><td><a name=\"x-http://ns.electronichealth.net.au/fhir/mhr/ps/sparked-testing/CodeSystem/content-type-example-cs-_SummaryDocument\"> </a>2</td><td style=\"white-space:nowrap\">\u00a0\u00a0\u00a0\u00a0<a href=\"CodeSystem-content-type-example-cs.html#content-type-example-cs-_SummaryDocument\">_SummaryDocument</a></td><td>http://ns.electronichealth.net.au/fhir/mhr/ps/sparked-testing/CodeSystem/content-type-example-cs</td><td>SummaryDocuments</td><td>This code is a generic concept that encompasses all summary documents.</td></tr><tr><td><a name=\"x-http://ns.electronichealth.net.au/fhir/mhr/ps/sparked-testing/CodeSystem/content-type-example-cs-DischargeSummary\"> </a>3</td><td style=\"white-space:nowrap\">\u00a0\u00a0\u00a0\u00a0\u00a0\u00a0<a href=\"CodeSystem-content-type-example-cs.html#content-type-example-cs-DischargeSummary\">DischargeSummary</a></td><td>http://ns.electronichealth.net.au/fhir/mhr/ps/sparked-testing/CodeSystem/content-type-example-cs</td><td>DischargeSummary</td><td>**Description:** Discharge summary document type</td></tr><tr><td><a name=\"x-http://ns.electronichealth.net.au/fhir/mhr/ps/sparked-testing/CodeSystem/content-type-example-cs-PatientSummary\"> </a>3</td><td style=\"white-space:nowrap\">\u00a0\u00a0\u00a0\u00a0\u00a0\u00a0<a href=\"CodeSystem-content-type-example-cs.html#content-type-example-cs-PatientSummary\">PatientSummary</a></td><td>http://ns.electronichealth.net.au/fhir/mhr/ps/sparked-testing/CodeSystem/content-type-example-cs</td><td>PatientSummary</td><td>**Description:** Patient summary document type</td></tr><tr><td><a name=\"x-http://ns.electronichealth.net.au/fhir/mhr/ps/sparked-testing/CodeSystem/content-type-example-cs-_DiagnosticReport\"> </a>1</td><td style=\"white-space:nowrap\">\u00a0\u00a0<a href=\"CodeSystem-content-type-example-cs.html#content-type-example-cs-_DiagnosticReport\" title=\"This code is not selectable ('Abstract')\"><i>_DiagnosticReport</i></a></td><td>http://ns.electronichealth.net.au/fhir/mhr/ps/sparked-testing/CodeSystem/content-type-example-cs</td><td>DiagnosticReport</td><td>Reports of diagnostic tests performed on patients.</td></tr><tr><td><a name=\"x-http://ns.electronichealth.net.au/fhir/mhr/ps/sparked-testing/CodeSystem/content-type-example-cs-_PathologyReport\"> </a>2</td><td style=\"white-space:nowrap\">\u00a0\u00a0\u00a0\u00a0<a href=\"CodeSystem-content-type-example-cs.html#content-type-example-cs-_PathologyReport\">_PathologyReport</a></td><td>http://ns.electronichealth.net.au/fhir/mhr/ps/sparked-testing/CodeSystem/content-type-example-cs</td><td>PathologyReport</td><td>Reports from laboratory tests and pathology investigations.</td></tr><tr><td><a name=\"x-http://ns.electronichealth.net.au/fhir/mhr/ps/sparked-testing/CodeSystem/content-type-example-cs-BloodTest\"> </a>3</td><td style=\"white-space:nowrap\">\u00a0\u00a0\u00a0\u00a0\u00a0\u00a0<a href=\"CodeSystem-content-type-example-cs.html#content-type-example-cs-BloodTest\">BloodTest</a></td><td>http://ns.electronichealth.net.au/fhir/mhr/ps/sparked-testing/CodeSystem/content-type-example-cs</td><td>Blood Test</td><td>Results from routine or specialised blood tests.</td></tr><tr><td><a name=\"x-http://ns.electronichealth.net.au/fhir/mhr/ps/sparked-testing/CodeSystem/content-type-example-cs-Biochemistry\"> </a>3</td><td style=\"white-space:nowrap\">\u00a0\u00a0\u00a0\u00a0\u00a0\u00a0<a href=\"CodeSystem-content-type-example-cs.html#content-type-example-cs-Biochemistry\">Biochemistry</a></td><td>http://ns.electronichealth.net.au/fhir/mhr/ps/sparked-testing/CodeSystem/content-type-example-cs</td><td>Biochemistry</td><td>Reports detailing biochemical analysis of body fluids.</td></tr><tr><td><a name=\"x-http://ns.electronichealth.net.au/fhir/mhr/ps/sparked-testing/CodeSystem/content-type-example-cs-_DiagnosticImagingReport\"> </a>2</td><td style=\"white-space:nowrap\">\u00a0\u00a0\u00a0\u00a0<a href=\"CodeSystem-content-type-example-cs.html#content-type-example-cs-_DiagnosticImagingReport\">_DiagnosticImagingReport</a></td><td>http://ns.electronichealth.net.au/fhir/mhr/ps/sparked-testing/CodeSystem/content-type-example-cs</td><td>DiagnosticImagingReport</td><td>Reports from imaging procedures such as X-rays and CT scans.</td></tr><tr><td><a name=\"x-http://ns.electronichealth.net.au/fhir/mhr/ps/sparked-testing/CodeSystem/content-type-example-cs-XRay\"> </a>3</td><td style=\"white-space:nowrap\">\u00a0\u00a0\u00a0\u00a0\u00a0\u00a0<a href=\"CodeSystem-content-type-example-cs.html#content-type-example-cs-XRay\">XRay</a></td><td>http://ns.electronichealth.net.au/fhir/mhr/ps/sparked-testing/CodeSystem/content-type-example-cs</td><td>X-Ray</td><td>Radiology report based on X-ray imaging.</td></tr><tr><td><a name=\"x-http://ns.electronichealth.net.au/fhir/mhr/ps/sparked-testing/CodeSystem/content-type-example-cs-CTScan\"> </a>3</td><td style=\"white-space:nowrap\">\u00a0\u00a0\u00a0\u00a0\u00a0\u00a0<a href=\"CodeSystem-content-type-example-cs.html#content-type-example-cs-CTScan\">CTScan</a></td><td>http://ns.electronichealth.net.au/fhir/mhr/ps/sparked-testing/CodeSystem/content-type-example-cs</td><td>CT Scan</td><td>Radiology report based on computed tomography imaging.</td></tr></table></div>"
      },
      "url" : "http://ns.electronichealth.net.au/fhir/mhr/ps/sparked-testing/ValueSet/content-type-example-vs",
      "version" : "0.1.0",
      "name" : "ContentTypeExampleVS",
      "title" : "Content Type Example - ValueSet",
      "status" : "draft",
      "experimental" : false,
      "date" : "2025-06-20T16:51:41+10:00",
      "jurisdiction" : [{
        "coding" : [{
          "system" : "urn:iso:std:iso:3166",
          "code" : "AU",
          "display" : "Australia"
        }]
      }],
      "expansion" : {
        "identifier" : "urn:uuid:655160cf-2dc0-4274-9b69-ac9733e44e7a",
        "timestamp" : "2025-06-20T16:55:07+10:00",
        "total" : 11,
        "offset" : 0,
        "parameter" : [{
          "name" : "displayLanguage",
          "valueCode" : "en"
        },
        {
          "name" : "count",
          "valueInteger" : 1000
        },
        {
          "name" : "offset",
          "valueInteger" : 0
        },
        {
          "name" : "excludeNested",
          "valueBoolean" : false
        },
        {
          "name" : "used-codesystem",
          "valueUri" : "http://ns.electronichealth.net.au/fhir/mhr/ps/sparked-testing/CodeSystem/content-type-example-cs|0.1.0"
        }],
        "contains" : [{
          "system" : "http://ns.electronichealth.net.au/fhir/mhr/ps/sparked-testing/CodeSystem/content-type-example-cs",
          "abstract" : true,
          "code" : "_ClinicalDocument",
          "display" : "ClinicalDocument",
          "contains" : [{
            "system" : "http://ns.electronichealth.net.au/fhir/mhr/ps/sparked-testing/CodeSystem/content-type-example-cs",
            "code" : "_SummaryDocument",
            "display" : "SummaryDocuments",
            "contains" : [{
              "system" : "http://ns.electronichealth.net.au/fhir/mhr/ps/sparked-testing/CodeSystem/content-type-example-cs",
              "code" : "DischargeSummary",
              "display" : "DischargeSummary"
            },
            {
              "system" : "http://ns.electronichealth.net.au/fhir/mhr/ps/sparked-testing/CodeSystem/content-type-example-cs",
              "code" : "PatientSummary",
              "display" : "PatientSummary"
            }]
          }]
        },
        {
          "system" : "http://ns.electronichealth.net.au/fhir/mhr/ps/sparked-testing/CodeSystem/content-type-example-cs",
          "abstract" : true,
          "code" : "_DiagnosticReport",
          "display" : "DiagnosticReport",
          "contains" : [{
            "system" : "http://ns.electronichealth.net.au/fhir/mhr/ps/sparked-testing/CodeSystem/content-type-example-cs",
            "code" : "_PathologyReport",
            "display" : "PathologyReport",
            "contains" : [{
              "system" : "http://ns.electronichealth.net.au/fhir/mhr/ps/sparked-testing/CodeSystem/content-type-example-cs",
              "code" : "BloodTest",
              "display" : "Blood Test"
            },
            {
              "system" : "http://ns.electronichealth.net.au/fhir/mhr/ps/sparked-testing/CodeSystem/content-type-example-cs",
              "code" : "Biochemistry",
              "display" : "Biochemistry"
            }]
          },
          {
            "system" : "http://ns.electronichealth.net.au/fhir/mhr/ps/sparked-testing/CodeSystem/content-type-example-cs",
            "code" : "_DiagnosticImagingReport",
            "display" : "DiagnosticImagingReport",
            "contains" : [{
              "system" : "http://ns.electronichealth.net.au/fhir/mhr/ps/sparked-testing/CodeSystem/content-type-example-cs",
              "code" : "XRay",
              "display" : "X-Ray"
            },
            {
              "system" : "http://ns.electronichealth.net.au/fhir/mhr/ps/sparked-testing/CodeSystem/content-type-example-cs",
              "code" : "CTScan",
              "display" : "CT Scan"
            }]
          }]
        }]
      }
    }
  }]
}