<?xml version="1.0" encoding="UTF-8"?>

<OperationDefinition xmlns="http://hl7.org/fhir">
  <id value="find-content-by-patient"/>
  <text>
    <status value="generated"/><div xmlns="http://www.w3.org/1999/xhtml"><p class="res-header-id"><b>Generated Narrative: OperationDefinition find-content-by-patient</b></p><a name="find-content-by-patient"> </a><a name="hcfind-content-by-patient"> </a><p>URL: [base]/Bundle/$find-content-by-patient</p><h3>Parameters</h3><table class="grid"><tr><td><b>Use</b></td><td><b>Name</b></td><td><b>Scope</b></td><td><b>Cardinality</b></td><td><b>Type</b></td><td><b>Binding</b></td><td><b>Documentation</b></td></tr><tr><td>IN</td><td>patient.identifier</td><td/><td>1..1</td><td><a href="http://hl7.org/fhir/R4/datatypes.html#string">string</a><br/>(<a href="https://hl7.org/fhir/R4/search.html#token">token</a>)</td><td/><td><div><p>The IHI identifier of the subject of the content being discovered.</p>
</div></td></tr><tr><td>IN</td><td>patient.birthDate</td><td/><td>1..1</td><td><a href="http://hl7.org/fhir/R4/datatypes.html#string">string</a><br/>(<a href="https://hl7.org/fhir/R4/search.html#date">date</a>)</td><td/><td><div><p>The date of birth of the patient.</p>
</div></td></tr><tr><td>IN</td><td>patient.family</td><td/><td>1..1</td><td><a href="http://hl7.org/fhir/R4/datatypes.html#string">string</a><br/>(<a href="https://hl7.org/fhir/R4/search.html#string">string</a>)</td><td/><td><div><p>The family name of the patient.</p>
</div></td></tr><tr><td>IN</td><td>patient.gender</td><td/><td>1..1</td><td><a href="http://hl7.org/fhir/R4/datatypes.html#string">string</a><br/>(<a href="https://hl7.org/fhir/R4/search.html#token">token</a>)</td><td/><td><div><p>The gender of the patient.</p>
</div></td></tr><tr><td>IN</td><td>content-code</td><td/><td>1..1</td><td><a href="http://hl7.org/fhir/R4/datatypes.html#string">string</a><br/>(<a href="https://hl7.org/fhir/R4/search.html#token">token</a>)</td><td><a href="ValueSet-content-type-example-vs.html">Content Type Example - ValueSet</a> (Example)</td><td><div><p>The type of content being discovered. Ideally, this parameter would have a required binding to a ValueSet representing supported content types by the system offering the Named Query. Client systems can dynamically $expand this ValueSet to find the content types supported for discovery. If the content is then represented as documents that are rendered in a consistent manner, client systems wouldn't need to change to discover and render new content types, as long as they are included in this ValueSet. Combining this with a well-though hierarchical structure of the CodeSystem(s) has tht potential to be a powerful discovery mechanism.</p>
</div></td></tr><tr><td>IN</td><td>section-lookback</td><td/><td>0..1</td><td><a href="http://hl7.org/fhir/R4/datatypes.html#string">string</a><br/>(<a href="https://hl7.org/fhir/R4/search.html#composite">composite</a>)</td><td/><td><div><p>Optional parameter to include additional sections (e.g., Immunisations, Procedures, Patient Story) in the generated Patient Summary document suing their LOINC codes. It allows specifying a look-back date for each section. If no look back date is specified, a system default of 2 years of Immunisations and 5 years of Procedures is applied. If the parameter is completely omitted, only mandatory sections (Problems, Allergies, Medications) are generated. This parameter is only applicable only to generated documents, not uploaded ones.</p>
</div></td></tr><tr><td>OUT</td><td>return</td><td/><td>1..1</td><td><a href="http://hl7.org/fhir/R4/bundle.html">Bundle</a></td><td/><td><div><p>The result is a searchset Bundle containing instances of content, on-demand or uploaded, matching the criteria of the Named Query. For the purposes of this Implementation Guide, the entries in the Bundle will be instances of <a href="StructureDefinition-mhr-au-ps-bundle.html">MHR AU PS Bundle</a>. The instances can be on-demand generated Patient Summary documents, or uploaded documents in the MHR. Additional parameters can be added to control that behaviour.</p>
</div></td></tr></table></div>
  </text>
  <extension url="http://hl7.org/fhir/StructureDefinition/structuredefinition-fmm">
    <valueInteger value="1">
      <extension url="http://hl7.org/fhir/StructureDefinition/structuredefinition-conformance-derivedFrom">
        <valueCanonical value="http://ns.electronichealth.net.au/fhir/mhr/ps/sparked-testing/ImplementationGuide/mhr.au.ps.sparked.testing"/>
      </extension>
    </valueInteger>
  </extension>
  <extension url="http://hl7.org/fhir/StructureDefinition/structuredefinition-standards-status">
    <valueCode value="draft">
      <extension url="http://hl7.org/fhir/StructureDefinition/structuredefinition-conformance-derivedFrom">
        <valueCanonical value="http://ns.electronichealth.net.au/fhir/mhr/ps/sparked-testing/ImplementationGuide/mhr.au.ps.sparked.testing"/>
      </extension>
    </valueCode>
  </extension>
  <url value="http://ns.electronichealth.net.au/fhir/mhr/ps/sparked-testing/OperationDefinition/find-content-by-patient"/>
  <version value="0.1.0"/>
  <name value="findContentByPatient"/>
  <title value="Find Content By Patient"/>
  <status value="active"/>
  <kind value="query"/>
  <date value="2025-06-20T14:05:34+10:00"/>
  <publisher value="The Australian Digital Health Agency"/>
  <contact>
    <name value="The Australian Digital Health Agency"/>
    <telecom>
      <system value="url"/>
      <value value="https://www.digitalhealth.gov.au/"/>
    </telecom>
    <telecom>
      <system value="email"/>
      <value value="help@digitalhealth.gov.au"/>
    </telecom>
  </contact>
  <contact>
    <name value="Australian Digital Health Agency"/>
    <telecom>
      <system value="email"/>
      <value value="mailto:help@digitalhealth.gov.au"/>
      <use value="work"/>
    </telecom>
  </contact>
  <description value="This an example of a [FHIR Named Query](https://hl7.org/fhir/R4/search.html#query) designed to support a broad range of discovery capabilities within the My Health Record (MHR) system. More specialised queries may be introduced as needed. For further context on the rationale and design of Named Queries, please refer to the [Design - Generation](design-generation.html) page of this Implementation Guide. &#xD;&#xA;&#xD;&#xA;This page outlines a potential approach how this Named Query can be leveraged to generate a Patient Summary document from content uploaded to MHR by various organisations. It also outlines how the same Named Query can be expanded to support discovery of other content types just by changing its parameters. &#xD;&#xA;&#xD;&#xA;The current design of the Named Query requires four points of identification for the patient, along with a parameter specifying the type of content to be discovered, i.e. the LOINC code for a Patient Summary Document. Additionally, there is an optional parameter to allow the inclusion of the non-mandatory sections in the generated Patient Summary document."/>
  <jurisdiction>
    <coding>
      <system value="urn:iso:std:iso:3166"/>
      <code value="AU"/>
      <display value="Australia"/>
    </coding>
  </jurisdiction>
  <code value="find-content-by-patient"/>
  <resource value="Bundle"/>
  <system value="false"/>
  <type value="true"/>
  <instance value="false"/>
  <parameter>
    <name value="patient.identifier"/>
    <use value="in"/>
    <min value="1"/>
    <max value="1"/>
    <documentation value="The IHI identifier of the subject of the content being discovered."/>
    <type value="string"/>
    <searchType value="token"/>
  </parameter>
  <parameter>
    <name value="patient.birthDate"/>
    <use value="in"/>
    <min value="1"/>
    <max value="1"/>
    <documentation value="The date of birth of the patient."/>
    <type value="string"/>
    <searchType value="date"/>
  </parameter>
  <parameter>
    <name value="patient.family"/>
    <use value="in"/>
    <min value="1"/>
    <max value="1"/>
    <documentation value="The family name of the patient."/>
    <type value="string"/>
    <searchType value="string"/>
  </parameter>
  <parameter>
    <name value="patient.gender"/>
    <use value="in"/>
    <min value="1"/>
    <max value="1"/>
    <documentation value="The gender of the patient."/>
    <type value="string"/>
    <searchType value="token"/>
  </parameter>
  <parameter>
    <name value="content-code"/>
    <use value="in"/>
    <min value="1"/>
    <max value="1"/>
    <documentation value="The type of content being discovered. Ideally, this parameter would have a required binding to a ValueSet representing supported content types by the system offering the Named Query. Client systems can dynamically $expand this ValueSet to find the content types supported for discovery. If the content is then represented as documents that are rendered in a consistent manner, client systems wouldn't need to change to discover and render new content types, as long as they are included in this ValueSet. Combining this with a well-though hierarchical structure of the CodeSystem(s) has tht potential to be a powerful discovery mechanism."/>
    <type value="string"/>
    <searchType value="token"/>
    <binding>
      <strength value="example"/>
      <valueSet value="http://ns.electronichealth.net.au/fhir/mhr/ps/sparked-testing/ValueSet/content-type-example-vs"/>
    </binding>
  </parameter>
  <parameter>
    <name value="section-lookback"/>
    <use value="in"/>
    <min value="0"/>
    <max value="1"/>
    <documentation value="Optional parameter to include additional sections (e.g., Immunisations, Procedures, Patient Story) in the generated Patient Summary document suing their LOINC codes. It allows specifying a look-back date for each section. If no look back date is specified, a system default of 2 years of Immunisations and 5 years of Procedures is applied. If the parameter is completely omitted, only mandatory sections (Problems, Allergies, Medications) are generated. This parameter is only applicable only to generated documents, not uploaded ones."/>
    <type value="string"/>
    <searchType value="composite"/>
  </parameter>
  <parameter>
    <name value="return"/>
    <use value="out"/>
    <min value="1"/>
    <max value="1"/>
    <documentation value="The result is a searchset Bundle containing instances of content, on-demand or uploaded, matching the criteria of the Named Query. For the purposes of this Implementation Guide, the entries in the Bundle will be instances of [MHR AU PS Bundle](StructureDefinition-mhr-au-ps-bundle.html). The instances can be on-demand generated Patient Summary documents, or uploaded documents in the MHR. Additional parameters can be added to control that behaviour."/>
    <type value="Bundle"/>
  </parameter>
</OperationDefinition>