{
  "resourceType" : "Patient",
  "id" : "mhr-au-ps-patient-1",
  "meta" : {
    "profile" : ["http://ns.electronichealth.net.au/fhir/mhr/ps/sparked-testing/StructureDefinition/mhr-au-ps-patient"]
  },
  "text" : {
    "status" : "generated",
    "div" : "<div xmlns=\"http://www.w3.org/1999/xhtml\"><p class=\"res-header-id\"><b>Generated Narrative: Patient mhr-au-ps-patient-1</b></p><a name=\"mhr-au-ps-patient-1\"> </a><a name=\"hcmhr-au-ps-patient-1\"> </a><div style=\"display: inline-block; background-color: #d9e0e7; padding: 6px; margin: 4px; border: 1px solid #8da1b4; border-radius: 5px; line-height: 60%\"><p style=\"margin-bottom: 0px\"/><p style=\"margin-bottom: 0px\">Profile: <a href=\"StructureDefinition-mhr-au-ps-patient.html\">MHR AU PS Patient</a></p></div><p style=\"border: 1px #661aff solid; background-color: #e6e6ff; padding: 10px;\">Mia Leanne Banks  Female, DoB: 1983-08-25 ( IHI:\u00a0Austalian Healthcare Identifier - Individual#8003608333647261)</p><hr/><table class=\"grid\"><tr><td style=\"background-color: #f3f5da\" title=\"Ways to contact the Patient\">Contact Detail</td><td colspan=\"3\"><ul><li>ph: 0270102724(Work)</li><li>ph: 0491574632(Mobile)</li><li>ph: 0270107520(Home)</li><li><a href=\"mailto:mia.banks@myownpersonaldomain.com\">mia.banks@myownpersonaldomain.com</a></li><li>ph: 270107520(Home)</li><li>50 Sebastien St Minjary NSW 2720 AU </li></ul></td></tr><tr><td style=\"background-color: #f3f5da\" title=\"The pronouns to use when referring to an individual in verbal or written communication.\">Individual Pronouns:</td><td colspan=\"3\"><ul><li>value: <span title=\"Codes:{http://loinc.org LA29519-8}\">she/her/her/hers/herself</span></li></ul></td></tr><tr><td style=\"background-color: #f3f5da\" title=\"Recorded sex or gender (RSG) information includes the various sex and gender concepts that are often used in existing systems but are known NOT to represent a gender identity, sex parameter for clinical use, or attributes related to sexuality, such as sexual orientation, sexual activity, or sexual attraction. Examples of recorded sex or gender concepts include administrative gender, administrative sex, and sex assigned at birth.  When exchanging this concept, refer to the guidance in the [Gender Harmony Implementation Guide](http://hl7.org/xprod/ig/uv/gender-harmony/).\">Person Recorded Sex Or Gender:</td><td colspan=\"3\"><ul><li>value: <span title=\"Codes:{http://snomed.info/sct 248152002}\">Female</span></li></ul></td></tr><tr><td style=\"background-color: #f3f5da\" title=\"An individual's personal sense of being a man, woman, boy, girl, nonbinary, or something else. This represents an individual’s identity, ascertained by asking them what that identity is. \n In the case where the gender identity is communicated by a third party, for example, if a spouse indicates the gender identity of their partner on an intake form, a Provenance resource can be used with a Provenance.target referring to the Patient, with a targetElement extension identifying the gender identity extension as the target element within the Patient resource.  When exchanging this concept, refer to the guidance in the [Gender Harmony Implementation Guide](http://hl7.org/xprod/ig/uv/gender-harmony/).\">Individual Gender Identity:</td><td colspan=\"3\"><ul><li>value: <span title=\"Codes:{http://snomed.info/sct 446141000124107}\">Identifies as female gender</span></li></ul></td></tr></table></div>"
  },
  "extension" : [{
    "extension" : [{
      "url" : "value",
      "valueCodeableConcept" : {
        "coding" : [{
          "system" : "http://snomed.info/sct",
          "code" : "446141000124107",
          "display" : "Identifies as female gender"
        }]
      }
    }],
    "url" : "http://hl7.org/fhir/StructureDefinition/individual-genderIdentity"
  },
  {
    "extension" : [{
      "url" : "value",
      "valueCodeableConcept" : {
        "coding" : [{
          "system" : "http://loinc.org",
          "code" : "LA29519-8",
          "display" : "she/her/her/hers/herself"
        }]
      }
    }],
    "url" : "http://hl7.org/fhir/StructureDefinition/individual-pronouns"
  },
  {
    "extension" : [{
      "url" : "value",
      "valueCodeableConcept" : {
        "coding" : [{
          "system" : "http://snomed.info/sct",
          "code" : "248152002"
        }],
        "text" : "Female"
      }
    }],
    "url" : "http://hl7.org/fhir/StructureDefinition/individual-recordedSexOrGender"
  }],
  "identifier" : [{
    "extension" : [{
      "url" : "http://hl7.org.au/fhir/StructureDefinition/ihi-status",
      "valueCoding" : {
        "system" : "https://healthterminologies.gov.au/fhir/CodeSystem/ihi-status-1",
        "code" : "active"
      }
    },
    {
      "url" : "http://hl7.org.au/fhir/StructureDefinition/ihi-record-status",
      "valueCoding" : {
        "system" : "https://healthterminologies.gov.au/fhir/CodeSystem/ihi-record-status-1",
        "code" : "verified",
        "display" : "verified"
      }
    }],
    "type" : {
      "coding" : [{
        "system" : "http://terminology.hl7.org/CodeSystem/v2-0203",
        "code" : "NI"
      }],
      "text" : "IHI"
    },
    "system" : "http://ns.electronichealth.net.au/id/hi/ihi/1.0",
    "value" : "8003608333647261"
  }],
  "name" : [{
    "use" : "usual",
    "family" : "Banks",
    "given" : ["Mia",
    "Leanne"]
  }],
  "telecom" : [{
    "system" : "phone",
    "value" : "0270102724",
    "use" : "work"
  },
  {
    "system" : "phone",
    "value" : "0491574632",
    "use" : "mobile"
  },
  {
    "system" : "phone",
    "value" : "0270107520",
    "use" : "home"
  },
  {
    "system" : "email",
    "value" : "mia.banks@myownpersonaldomain.com"
  },
  {
    "system" : "phone",
    "value" : "270107520",
    "use" : "home"
  }],
  "gender" : "female",
  "birthDate" : "1983-08-25",
  "address" : [{
    "line" : ["50 Sebastien St"],
    "city" : "Minjary",
    "state" : "NSW",
    "postalCode" : "2720",
    "country" : "AU"
  }]
}