{
  "resourceType" : "ValueSet",
  "id" : "content-type-example-vs",
  "text" : {
    "status" : "generated",
    "div" : "<div xmlns=\"http://www.w3.org/1999/xhtml\"><p class=\"res-header-id\"><b>Generated Narrative: ValueSet content-type-example-vs</b></p><a name=\"content-type-example-vs\"> </a><a name=\"hccontent-type-example-vs\"> </a><ul><li>Include all codes defined in <a href=\"CodeSystem-content-type-example-cs.html\"><code>http://ns.electronichealth.net.au/fhir/mhr/ps/sparked-testing/CodeSystem/content-type-example-cs</code></a></li></ul></div>"
  },
  "extension" : [{
    "url" : "http://hl7.org/fhir/StructureDefinition/structuredefinition-fmm",
    "valueInteger" : 1,
    "_valueInteger" : {
      "extension" : [{
        "url" : "http://hl7.org/fhir/StructureDefinition/structuredefinition-conformance-derivedFrom",
        "valueCanonical" : "http://ns.electronichealth.net.au/fhir/mhr/ps/sparked-testing/ImplementationGuide/mhr.au.ps.sparked.testing"
      }]
    }
  },
  {
    "url" : "http://hl7.org/fhir/StructureDefinition/structuredefinition-standards-status",
    "valueCode" : "draft",
    "_valueCode" : {
      "extension" : [{
        "url" : "http://hl7.org/fhir/StructureDefinition/structuredefinition-conformance-derivedFrom",
        "valueCanonical" : "http://ns.electronichealth.net.au/fhir/mhr/ps/sparked-testing/ImplementationGuide/mhr.au.ps.sparked.testing"
      }]
    }
  }],
  "url" : "http://ns.electronichealth.net.au/fhir/mhr/ps/sparked-testing/ValueSet/content-type-example-vs",
  "version" : "0.1.0",
  "name" : "ContentTypeExampleVS",
  "title" : "Content Type Example - ValueSet",
  "status" : "draft",
  "experimental" : false,
  "date" : "2025-06-23T13:01:51+10:00",
  "publisher" : "The Australian Digital Health Agency",
  "contact" : [{
    "name" : "The Australian Digital Health Agency",
    "telecom" : [{
      "system" : "url",
      "value" : "https://www.digitalhealth.gov.au/"
    },
    {
      "system" : "email",
      "value" : "help@digitalhealth.gov.au"
    }]
  },
  {
    "name" : "Australian Digital Health Agency",
    "telecom" : [{
      "system" : "email",
      "value" : "mailto:help@digitalhealth.gov.au",
      "use" : "work"
    }]
  }],
  "description" : "This is an example ValueSet for supported content types by a system or an organisation. In the context of this Implementation Guide, the intention is for it to be associated with a discovery named query. Client systems should be able to $expand this ValueSet dynamically to discover the content types supported for discovery. If the content is then represented as documents that are rendered in a consistent manner, client systems wouldn't need to change to support new content types, as long as they are included in this ValueSet.",
  "jurisdiction" : [{
    "coding" : [{
      "system" : "urn:iso:std:iso:3166",
      "code" : "AU",
      "display" : "Australia"
    }]
  }],
  "copyright" : "Copyright © 2025 Australian Digital Health Agency - All rights reserved. This content is licensed under a Creative Commons Attribution 4.0 International License. See https://creativecommons.org/licenses/by/4.0/.",
  "compose" : {
    "include" : [{
      "system" : "http://ns.electronichealth.net.au/fhir/mhr/ps/sparked-testing/CodeSystem/content-type-example-cs"
    }]
  }
}